Capitulo,Numero,Titulo,Descricao,Categorias

Capítulo 1: Aparência,Pensar 1-1,O mundo é constituído por aparências,"Arendt afirma que tudo o que existe no mundo aparece; existe para ser visto, ouvido e percebido. A condição de realidade está vinculada ao fato de algo poder ser percebido por criaturas sensíveis.",Estruturas da Aparência e do Mundo Comum
Capítulo 1: Aparência,Pensar 1-2,Ser e aparecer coincidem para os seres vivos,"Diferentemente da matéria inorgânica, os seres vivos existem enquanto aparecem. A aparência não é um acréscimo, mas a própria forma de ser no mundo.",Estruturas da Aparência e do Mundo Comum
Capítulo 1: Aparência,Pensar 1-3,Nada que aparece prescinde de um espectador,A existência de um mundo de aparências exige receptores: outros seres capazes de perceber. Não existe aparência sem quem a perceba; realidade e pluralidade são condições inseparáveis.,Estruturas da Aparência e do Mundo Comum
Capítulo 1: Aparência,Pensar 1-4,Consciência individual não garante realidade,Arendt critica o cogito cartesiano: a autopercepção isolada não seria suficiente para garantir realidade; apenas o aparecer para outros garante objetividade.,Estruturas da Aparência e do Mundo Comum
Capítulo 1: Aparência,Pensar 1-5,A diversidade das aparências deriva da variedade dos sentidos,"Os seres vivos possuem diferentes órgãos sensoriais. Isso produz múltiplos mundos perceptivos e, ao mesmo tempo, uma estrutura comum: todos aparecem e percebem.",Estruturas da Aparência e do Mundo Comum
Capítulo 1: Aparência,Pensar 1-6,Viver é estar exposto ao ciclo aparecer–desaparecer,"A vida se define pelo surgimento e pelo perecimento. O intervalo entre nascimento e morte é marcado pelas aparências, que estruturam a experiência do tempo para cada ser vivo.",Estruturas da Aparência e do Mundo Comum
Capítulo 1: Aparência,Pensar 1-7,O “parecer-a-mim” (dokei moi) fundamenta a experiência subjetiva,"Cada ser percebe de modo singular; o mundo é comum, mas a perspectiva sensorial varia. O parecer-a-mim é a forma subjetiva da aparição.",Estruturas da Aparência e do Mundo Comum
Capítulo 1: Aparência,Pensar 1-8,O impulso de exibir-se é inerente ao vivo,"Aparecer não é apenas passivo: os seres vivos “fazem” sua aparência, como atores em um palco. Há uma tendência vital à autoexposição.",Estruturas da Aparência e do Mundo Comum
Capítulo 1: Aparência,Pensar 1-9,O desenvolvimento vital é uma epifania,"Cada vida tem um movimento ascendente até sua plena manifestação (epifania), seguido de declínio e desaparecimento. O ciclo vital é descrito como um processo de aparecer e sumir.",Estruturas da Aparência e do Mundo Comum
Capítulo 1: Aparência,Pensar 1-10,A atividade mental se distingue por retirar-se do mundo das aparências,"As atividades mentais exigem um afastamento das aparências; fechamos os olhos do corpo para abrir os “olhos da mente”. Ainda assim, permanecemos seres que aparecem e desaparecem.",Estruturas da Aparência e do Mundo Comum
Capítulo 1: Aparência,Pensar 1-11,O problema filosófico central: como o pensamento aparece?,"Como pensar envolve o invisível — algo sem som e sem figura — surge a questão se essas atividades podem “aparecer”, e se têm lugar adequado no mundo.",Estruturas da Aparência e do Mundo Comum
Capítulo 1: Aparência,Pensar 1-12,A distinção clássica entre ser verdadeiro e aparência,"Arendt introduz o problema metafísico: a filosofia tradicional separou “verdadeiro ser” de “mera aparência”, mas essa distinção nasce justamente da experiência do aparecer.",Estruturas da Aparência e do Mundo Comum
Capítulo 1: Aparência,Pensar 1-13,A aparência é anterior à filosofia,O filósofo só pode abandonar o mundo das aparências porque já está nele. A própria noção de algo não-aparente surge da primazia da aparência.  ,Estruturas da Aparência e do Mundo Comum
Capítulo 1: Aparência,Pensar 2-1,A dicotomia entre Ser e Aparência nasce da própria prioridade da aparência,"A filosofia clássica formulou a separação entre “verdadeiro ser” e “mera aparência”, mas essa distinção só é possível porque o mundo das aparências é anterior ao filósofo; ele parte do aparecer para buscar um fundamento invisível.",Estruturas da Aparência e do Mundo Comum
Capítulo 1: Aparência,Pensar 2-2,A busca filosófica por um “fundamento” transforma a aparência em efeito,A tradição filosófica desloca a origem da aparência para um “causa” ou “fundamento” que não aparece. Esse movimento produz a hierarquia metafísica: o que não aparece vale mais do que o que aparece.,Estruturas da Aparência e do Mundo Comum
Capítulo 1: Aparência,Pensar 2-3,O pensamento moderno desloca a investigação para dentro das aparências,"Com a ciência moderna, a busca do fundamento deixa de ser puramente filosófica. A ciência procura entender a estrutura interna do que aparece, investigando suas propriedades e mecanismos sem abandonar o domínio da aparência.",Estruturas da Aparência e do Mundo Comum
Capítulo 1: Aparência,Pensar 2-4,Nem a filosofia nem a ciência conseguem abandonar completamente a aparência,"Tanto o filósofo quanto o cientista tentam ultrapassar a superfície dos fenômenos, mas retornam inevitavelmente ao mundo das aparências, pois toda evidência é aparência de algo.",Estruturas da Aparência e do Mundo Comum
Capítulo 1: Aparência,Pensar 2-5,A aparência possui fundamentos próprios que também aparecem,"Arendt retoma Kant: toda aparência tem um fundamento que não é ela mesma, mas esse fundamento igualmente aparece. A busca por algo “absolutamente não-aparente” se mostra instável dentro da história da filosofia.",Estruturas da Aparência e do Mundo Comum
Capítulo 1: Aparência,Pensar 2-6,O erro lógico central: tomar o fundamento como superior ao aparecer,"A tradição metafísica supõe que a causa, sendo invisível, deve ter status superior ao efeito que aparece. Essa suposição, segundo Arendt, é uma construção e não uma necessidade lógica.",Estruturas da Aparência e do Mundo Comum
Capítulo 1: Aparência,Pensar 2-7,A ciência moderna reacende o problema ao revelar novas camadas da aparência,"A investigação científica amplia o domínio do que aparece, expondo dimensões antes invisíveis. Isso força a reconsideração da primazia do fundamento oculto, pois o “interior” revelado também é aparência.",Estruturas da Aparência e do Mundo Comum
Capítulo 1: Aparência,Pensar 2-8,Nenhum ser humano vive apenas em fundamentos ou causas,"Mesmo descobrindo estruturas profundas por meio da ciência, não é possível viver num mundo reduzido a causas. A existência humana continua fundamentada no aparecer.",Estruturas da Aparência e do Mundo Comum
Capítulo 1: Aparência,Pensar 2-9,A inversão da hierarquia metafísica: valorização da superfície,"O capítulo se dirige para a reversão histórica da hierarquia entre ser e aparência. A superfície — o que aparece — passa a ter valor epistemológico próprio, pois o desvelamento de uma ilusão sempre resulta em uma nova aparência, não em um “além da aparência”.   ",Estruturas da Aparência e do Mundo Comum
Capítulo 1: Aparência,Pensar 3-1,A inversão da hierarquia metafísica: o valor da superfície,"Arendt descreve como o senso comum e a ciência moderna desestabilizam a antiga hierarquia que valorizava o “interior”, o “essencial” e o “ser verdadeiro” acima da aparência. A superfície passa a ser entendida como lugar legítimo de evidência e significado.",Estruturas da Aparência e do Mundo Comum
Capítulo 1: Aparência,Pensar 3-2,A des-ilusão como troca de uma aparência por outra,"Quando uma ilusão se desfaz, ela é substituída por uma nova aparência; não existe passagem para um plano “além” do aparecer. Toda evidência é sempre uma nova forma de aparecer, não um rompimento com o aparecer.",Estruturas da Aparência e do Mundo Comum
Capítulo 1: Aparência,Pensar 3-3,A ciência moderna reforça o predomínio das aparências,"A investigação científica, buscando causas e estruturas internas, amplia ainda mais o domínio do que aparece. Ela não conduz a um mundo não aparente, mas revela níveis adicionais de aparência.",Estruturas da Aparência e do Mundo Comum
Capítulo 1: Aparência,Pensar 3-4,A crítica ao funcionalismo: aparência não é mero subproduto da vida orgânica,"Arendt utiliza os estudos de Adolf Portmann para mostrar que as aparências dos seres vivos não são simples efeitos funcionais do organismo interior; elas possuem organização própria, muitas vezes mais complexa e relevante do que o funcionamento interno.",Estruturas da Aparência e do Mundo Comum
Capítulo 1: Aparência,Pensar 3-5,A distinção entre aparências “autênticas” e “inautênticas”,Portmann diferencia aparências que emergem naturalmente para serem vistas daquelas reveladas artificialmente (como órgãos internos). As primeiras possuem uma lógica própria; as segundas surgem por violação da forma aparente do vivo.,Estruturas da Aparência e do Mundo Comum
Capítulo 1: Aparência,Pensar 3-6,A diversidade e complexidade das aparências externas,"A variedade de formas exteriores entre plantas e animais é altamente organizada e diferenciada, enquanto os órgãos internos são visualmente caóticos e semelhantes entre espécies. Isso reforça a centralidade da superfície como estrutura significativa.",Estruturas da Aparência e do Mundo Comum
Capítulo 1: Aparência,Pensar 3-7,O impulso de autoexibição (Selbstdarstellung),"Arendt enfatiza, com base em Portmann, que seres vivos possuem um impulso espontâneo de aparecer. O vivo se oferece ao olhar, ao toque e ao ouvido, indicando que o aparecer não é função secundária, mas dimensão constitutiva da vida.",Estruturas da Aparência e do Mundo Comum
Capítulo 1: Aparência,Pensar 3-8,A autoexibição como estrutura ampliada no humano,"Esse impulso de aparecer, presente em animais superiores, alcança máxima expressão no humano, que intensifica e diversifica suas formas de exibição e apresentação no mundo.",Estruturas da Aparência e do Mundo Comum
Capítulo 1: Aparência,Pensar 3-9,Valor expressivo da superfície,A superfície manifesta o “poder de expressão” do vivo — aquilo que se mostra por si mesmo. O interior possui funções mais primitivas; a superfície revela aquilo que vive se esforça para mostrar.,Estruturas da Aparência e do Mundo Comum
Capítulo 1: Aparência,Pensar 3-10,Dificuldades terminológicas: o problema do “expressar”,"Arendt observa que a linguagem filosófica tradicional, ao insistir na relação interior–exterior, falha em captar fenômenos nos quais a aparência não expressa algo oculto, mas é completamente auto-suficiente enquanto aparecer.   ",Estruturas da Aparência e do Mundo Comum
Capítulo 1: Aparência,Pensar 4-1,"A dificuldade estrutural da relação “dentro–fora” nas categorias corpo, alma e mente","Arendt mostra que nossa linguagem filosófica herda metáforas corporais, o que produz confusão quando falamos da vida psíquica e mental — especialmente ao tentarmos localizar “alma” ou “mente” como se ocupassem um interior físico.",Estruturas da Aparência e do Mundo Comum
Capítulo 1: Aparência,Pensar 4-2,A linguagem da alma é inicialmente sensível e somática,"A autora enfatiza que as expressões da alma surgem primeiro em formações sensíveis: afeto, dor, alegria, raiva, vergonha. Esse estágio é anterior a interpretações metafísicas ou psicológicas.",Estruturas da Aparência e do Mundo Comum
Capítulo 1: Aparência,Pensar 4-3,Mente e imaginação permanecem dependentes do corpo,"Mesmo quando o pensamento se afasta das sensações, a mente continua dependente de faculdades corporais e imaginativas. A imaginação aparece como ponte indispensável entre corpo e atividade mental.",Estruturas da Aparência e do Mundo Comum
Capítulo 1: Aparência,Pensar 4-4,O impulso de autoexibição continua operando no humano pensante,Arendt retoma o conceito de self-display (Selbstdarstellung) para mostrar que também na condição humana há um impulso espontâneo de aparecer — inclusive nas atividades mentais que tendem ao recolhimento.,Estruturas da Aparência e do Mundo Comum
Capítulo 1: Aparência,Pensar 4-5,A psicologia científica não consegue lidar plenamente com a interioridade,O texto destaca que métodos científicos voltados à vida psíquica se chocam com a singularidade das experiências internas; seus resultados raramente capturam o dinamismo vivido da mente.,Estruturas da Aparência e do Mundo Comum
Capítulo 1: Aparência,Pensar 4-6,Emoções são indispensáveis para a sobrevivência e moldam a ação visível,"Arendt mostra como emoções — medo, coragem, prazer, simpatia — derivam de condições vitais e se articulam com escolhas, comportamentos e ações que se tornam aparências públicas.",Estruturas da Aparência e do Mundo Comum
Capítulo 1: Aparência,Pensar 4-7,A autoapresentação pode produzir ilusão e dissimulação,"A superfície humana nem sempre coincide com o que ocorre internamente; surgem problemas como semblante, ilusão e engano nas relações entre quem aparece e quem percebe.",Estruturas da Aparência e do Mundo Comum
Capítulo 1: Aparência,Pensar 4-8,A figura do hipócrita: aparecer diferente do que se é,"Arendt introduz a noção de hipocrisia como domínio técnico da autoapresentação: o indivíduo molda sua aparência segundo expectativas externas, ocultando-se. A referência ao preceito socrático “aparece como desejas ser” resume o problema.",Estruturas da Aparência e do Mundo Comum
Capítulo 1: Aparência,Pensar 4-9,A escolha como elemento central da autorrepresentação,"A autora destaca que o modo como aparecemos resulta de escolhas deliberadas dentro das possibilidades que o mundo permite, e tais escolhas impactam nossa identidade pública.",Estruturas da Aparência e do Mundo Comum
Capítulo 1: Aparência,Pensar 4-10,Diferença estrutural entre mera existência e aparência,"Arendt afirma que existir não equivale a aparecer; a aparência envolve forma pública, relação com espectadores e configuração de identidade visível, enquanto a existência pode permanecer inapreensível.   ",Estruturas da Aparência e do Mundo Comum
Capítulo 1: Aparência,Pensar 5-1,A aparência envolve sempre a possibilidade de “semblante”,"Toda aparência contém um elemento de semblante, pois o “fundo” do qual ela emerge não aparece. Isso não significa que tudo seja falsidade, mas que não há aparência completamente livre de algum grau de ilusão.",Estruturas da Aparência e do Mundo Comum
Capítulo 1: Aparência,Pensar 5-2,Semblante e erro são fenômenos correlatos no mundo das aparências,"Arendt mostra que a estrutura da percepção — pluralidade de pontos de vista, variação de perspectivas, limitação dos sentidos — produz inevitavelmente tanto erros quanto semblantes. Um não existe sem o outro.",Estruturas da Aparência e do Mundo Comum
Capítulo 1: Aparência,Pensar 5-3,O aparecer múltiplo impede acesso a um “real total”,Nenhum observador pode apreender todos os aspectos de algo que aparece; cada ponto de vista revela e oculta ao mesmo tempo. A realidade plena permanece inacessível.,Estruturas da Aparência e do Mundo Comum
Capítulo 1: Aparência,Pensar 5-4,Distinção entre semblantes autênticos e inautênticos,"Inspirando-se em Portmann, Arendt mostra que há ilusões que se desfazem facilmente (como miragens) e outras que são inerentes à condição humana, pois derivam da nossa posição no mundo e do modo como aparecemos enquanto seres terrestres.",Estruturas da Aparência e do Mundo Comum
Capítulo 1: Aparência,Pensar 5-5,Ilusões naturais e inevitáveis do aparelho sensorial,"Retomando Kant, Arendt afirma que algumas ilusões derivam inevitavelmente da própria estrutura da razão e dos sentidos. Mesmo quando desmontadas, reaparecem continuamente, exigindo constante correção.",Estruturas da Aparência e do Mundo Comum
Capítulo 1: Aparência,Pensar 5-6,Toda vida sensível está sujeita a aparências enganosas,"Animais e humanos podem produzir enganos perceptivos, seja por camuflagem biológica, seja por autorrepresentação consciente. Há uma continuidade entre os modos naturais e humanos de gerar semblâncias.",Estruturas da Aparência e do Mundo Comum
Capítulo 1: Aparência,Pensar 5-7,O “interior” nunca aparece de forma estável,Arendt critica a ideia de um “eu interior” fixo. O que chamamos de interioridade é um fluxo contínuo de sensações e estados que não se estabilizam o suficiente para constituir uma aparência identificável.,Estruturas da Aparência e do Mundo Comum
Capítulo 1: Aparência,Pensar 5-8,As sensações internas são “não-mundanas” por carecerem de forma e duração,"Segundo a leitura kantiana apresentada por Arendt, fenômenos internos não possuem a estabilidade necessária para se tornarem aparências reconhecíveis; não se estabilizam no tempo, a única forma de intuição interior.",Estruturas da Aparência e do Mundo Comum
Capítulo 1: Aparência,Pensar 5-9,O tempo interno como repetição compulsiva,"A experiência interna só ganha alguma fixidez pela repetição de estados, mas isso pode se tornar patológico, levando à imobilização afetiva (como depressão ou euforia contínua).",Estruturas da Aparência e do Mundo Comum
Capítulo 1: Aparência,Pensar 5-10,Introdução ao papel de Kant: o “eu pensante” e o problema do “em si”,"O trecho final introduz o próximo tema: como Kant articula a noção de aparência, o conceito de Schein, a distinção entre fenômeno e coisa-em-si e a impossibilidade de acesso cognitivo ao “ser” que não aparece.   ",Estruturas da Aparência e do Mundo Comum
Capítulo 1: Aparência,Pensar 6-1,O problema kantiano do “coisa-em-si” no contexto da aparência,"Arendt destaca que nenhum filósofo levou tão longe quanto Kant o problema da aparência e do semblante. A “coisa em si” é algo que existe, mas não aparece, sendo para nós apenas pensável, nunca experienciável.",Atividade Mental e Condições Internas do Pensar
Capítulo 1: Aparência,Pensar 6-2,"O pensamento contém conteúdos que não aparecem, mas que são “para nós”","Arendt enfatiza que existem conteúdos invisíveis (como Deus, liberdade, imortalidade) que não podem aparecer à experiência sensível, mas que a razão é capaz de pensar. Nesse sentido, eles são “para nós” enquanto objetos do pensamento, embora não do mundo.",Atividade Mental e Condições Internas do Pensar
Capítulo 1: Aparência,Pensar 6-3,A tese de Portmann reforça a crítica da hierarquia entre o fundamento e a aparência,"Usando Portmann, Arendt sugere que Kant mantém a prioridade do fundamento invisível sobre a aparência sensível, mas que a fenomenalidade do mundo mostra que o visível é anterior à busca por fundamentos não visíveis.",Atividade Mental e Condições Internas do Pensar
Capítulo 1: Aparência,Pensar 6-4,O “eu pensante” não aparece e não tem as características de um self,"O ego que pensa é caracterizado como atividade pura: sem corpo, sem qualidades, sem idade, sem história. É distinto do “eu” que aparece no mundo e não pode ser identificado com a pessoa empírica.",Atividade Mental e Condições Internas do Pensar
Capítulo 1: Aparência,Pensar 6-5,A distinção entre ego pensante e eu empírico,Arendt apresenta essa dualidade: 	o eu empírico aparece e é reconhecível; 	o ego pensante nunca aparece e não é objeto de experiência. Essa distinção é vital para entender a autoconsciência e os limites entre aparecer e pensar.,Atividade Mental e Condições Internas do Pensar
Capítulo 1: Aparência,Pensar 6-6,"O pensamento como atividade sem memória, sem duração, sem interior definido","O ego pensante não guarda as experiências como o corpo guarda impressões. Ele é descontínuo, sempre reiniciando, sem estabilidade nem identidade contínua — ao contrário do self empírico.",Atividade Mental e Condições Internas do Pensar
Capítulo 1: Aparência,Pensar 6-7,Kant identifica falácias filosóficas originadas na confusão entre o pensar e o aparecer,Várias confusões históricas da metafísica derivam de atribuir ao ego pensante características do self empírico. Arendt ressalta que Kant é o primeiro a expor claramente essa falha.,Atividade Mental e Condições Internas do Pensar
Capítulo 1: Aparência,Pensar 6-8,O pensar produz a ilusão de atemporalidade e imaterialidade,"Por não possuir forma, duração ou aparência, o pensamento gera a sensação da existência de um “algo” separado do corpo — uma espécie de duplo interior, cuja existência é apenas efeito da atividade pensante.",Atividade Mental e Condições Internas do Pensar
Capítulo 1: Aparência,Pensar 6-9,O problema da relação do ego pensante com o mundo da aparência,O capítulo conduz para o ponto seguinte: como esse ego que não aparece pode lidar com um mundo que só existe como aparecer? Essa tensão será aprofundada na seção seguinte (“Reality and the thinking ego”).   ,Atividade Mental e Condições Internas do Pensar
Capítulo 1: Aparência,Pensar 7-1,A dúvida cartesiana como ruptura entre pensar e perceber,Arendt destaca como a dúvida de Descartes — ao reduzir a percepção à possibilidade de engano — inaugura uma separação sistemática entre o mundo das aparências e a certeza do pensar.,Estruturas da Aparência e do Mundo Comum
Capítulo 1: Aparência,Pensar 7-2,A intencionalidade da consciência (Husserl): não há subjetividade sem objeto,"Arendt observa que, para Husserl, toda consciência é consciência de algo. Mesmo quando a aparência é ilusória (como no sonho), há um objeto para o qual a consciência se dirige.",Estruturas da Aparência e do Mundo Comum
Capítulo 1: Aparência,Pensar 7-3,A objetividade do mundo depende da subjetividade plural dos espectadores,O mundo é objetivo porque aparece para muitos; cada ato de aparecer pressupõe alguém que percebe. A pluralidade de percebedores dá ao mundo sua estabilidade.,Estruturas da Aparência e do Mundo Comum
Capítulo 1: Aparência,Pensar 7-4,O erro filosófico de tomar a “espécie” como fundamento dos indivíduos,"Arendt menciona Marx para mostrar que um equívoco recorrente é tratar categorias gerais (como “homem”, “leão”, “cavalo”) como mais essenciais do que indivíduos concretos que aparecem.",Estruturas da Aparência e do Mundo Comum
Capítulo 1: Aparência,Pensar 7-5,O “homem cartesiano” como encarnação fictícia do pensar,"O ideal do filósofo que vive exclusivamente no pensar — o “homem feito de pensamento” — é artificial, não se relaciona com a vida concreta dos indivíduos.",Estruturas da Aparência e do Mundo Comum
Capítulo 1: Aparência,Pensar 7-6,O cogito como atividade que acentua a separação entre ego e mundo,"Arendt reafirma que o cogito não descreve o mundo, mas apenas a atividade de pensar. Essa atividade reforça a sensação de irrealidade do mundo externo e pode levar a conclusões falaciosas.",Estruturas da Aparência e do Mundo Comum
Capítulo 1: Aparência,Pensar 7-7,O “sensus communis” como condição da realidade compartilhada,"A realidade é garantida pelo sensus communis, entendido como: o sentido comum que unifica os cinco sentidos em cada indivíduo; a faculdade que compartilha um mesmo mundo percebido entre indivíduos.",Estruturas da Aparência e do Mundo Comum
Capítulo 1: Aparência,Pensar 7-8,A realidade aparece como “sensação de estar no mundo”,Arendt explica que a realidade não é um dado sensorial isolado. Ela é uma sensação construída pela convivência entre seres que aparecem uns aos outros e percebem coisas em comum.,Estruturas da Aparência e do Mundo Comum
Capítulo 1: Aparência,Pensar 7-9,A distinção entre o “inner sense” e o sensus communis,"O inner sense, por estar ligado às sensações internas, é instável e inapto a produzir realidade comum. Já o sensus communis fundamenta a objetividade do mundo.",Estruturas da Aparência e do Mundo Comum
Capítulo 1: Aparência,Pensar 7-10,A irredutibilidade do senso comum aos processos biológicos,"Mesmo que o senso comum tenha raízes biológicas, seu papel na constituição da realidade é irreduzível aos mecanismos fisiológicos — ele é uma estrutura do aparecer no mundo humano.",Estruturas da Aparência e do Mundo Comum
Capítulo 1: Aparência,Pensar 7-11,A tese central: o sensus communis salva o mundo da dissolução causada pelo pensamento,"O pensar tende a suspender o mundo, enquanto o senso comum o restabelece: O pensamento afasta o indivíduo do mundo. O senso comum devolve a realidade compartilhada.",Estruturas da Aparência e do Mundo Comum
Capítulo 1: Aparência,Pensar 7-12,A crítica ao “profissional do pensamento”,Arendt afirma que a perda do senso comum ocorre mais frequentemente em quem vive exclusivamente na atividade intelectual. É uma consequência do afastamento prolongado do mundo das aparências.,Estruturas da Aparência e do Mundo Comum
Capítulo 1: Aparência,Pensar 7-13,"Introdução ao próximo tema: intelecto, razão, verdade e significado","A seção final prepara a entrada na distinção kantiana entre Verstand (intelecto) e Vernunft (razão), que estruturará a discussão seguinte.   ",Estruturas da Aparência e do Mundo Comum
Capítulo 1: Aparência,Pensar 8-1,A tensão entre ciência e senso comum,"Arendt mostra que ciência e senso comum partem de lógicas diferentes: a ciência se afasta do mundo das aparências para produzir resultados; o senso comum opera dentro das aparências, garantindo orientação no mundo.",Atividade Mental e Condições Internas do Pensar
Capítulo 1: Aparência,Pensar 8-2,O progresso científico como ruptura com a percepção comum,"A ciência frequentemente afirma coisas que não coincidem com o que os sentidos mostram (por exemplo, átomos invisíveis para a percepção). Isso produz um abismo entre o conhecimento científico e a evidência sensível cotidiana.",Atividade Mental e Condições Internas do Pensar
Capítulo 1: Aparência,Pensar 8-3,A tendência moderna de retirar-se do mundo para “pensar”,"Desde Descartes, há um movimento no qual o pensar se afasta do mundo sensível. A ciência herdou esse afastamento parcial; a filosofia o leva ao extremo.",Atividade Mental e Condições Internas do Pensar
Capítulo 1: Aparência,Pensar 8-4,A ilusão moderna do “progresso ilimitado”,Arendt analisa a ideia moderna e científica de progresso infinito como consequência da renúncia à noção de limites do conhecimento. Essa noção decorre de afastar-se progressivamente da percepção comum.,Atividade Mental e Condições Internas do Pensar
Capítulo 1: Aparência,Pensar 8-5,A crítica à separação absoluta entre o pensar e o aparecer,A retirada radical do pensamento para longe das aparências conduz a erros sistemáticos: perde-se o vínculo com o mundo que garante realidade e sentido.,Atividade Mental e Condições Internas do Pensar
Capítulo 1: Aparência,Pensar 8-6,A tecnologia força o não-aparente a aparecer,"Tecnologia é caracterizada como o mecanismo que obriga o não-aparente a se mostrar e entrar no domínio do sensível — embora isso só seja possível porque, no final, tudo precisa aparecer para fazer sentido para nós.",Atividade Mental e Condições Internas do Pensar
Capítulo 1: Aparência,Pensar 8-7,A distinção kantiana entre intelecto (Verstand) e razão (Vernunft),"Arendt apresenta a distinção crucial: intelecto: produz conhecimento, opera dentro dos limites da experiência e do mundo das aparências; razão: faz perguntas de significado, ultrapassa as aparências e lida com o que não pode ser dado aos sentidos.",Atividade Mental e Condições Internas do Pensar
Capítulo 1: Aparência,Pensar 8-8,Verdade versus significado,"A verdade diz respeito ao que o intelecto pode verificar no mundo das aparências. O significado diz respeito às questões não resolvíveis pela experiência — Deus, liberdade, alma, destino, sentido.",Atividade Mental e Condições Internas do Pensar
Capítulo 1: Aparência,Pensar 8-9,A “busca de sentido” é invisível ao senso comum,"Para o senso comum, o significado é “sem sentido” (meaningless), pois ultrapassa o domínio do que pode ser percebido ou verificado.",Atividade Mental e Condições Internas do Pensar
Capítulo 1: Aparência,Pensar 8-10,As duas formas de verdade segundo Leibniz,"Arendt apresenta a distinção: verdades necessárias (“razão”) verdades contingentes (“fato”). Essa distinção estrutura parte da discussão sobre ciência, razão e aparência.",Atividade Mental e Condições Internas do Pensar
Capítulo 1: Aparência,Pensar 8-11,A compulsão da razão pelo necessário,"A razão busca o necessário; quando encontra proposições que são obrigatórias (análogas às matemáticas), ela as toma como verdades irrefutáveis.",Atividade Mental e Condições Internas do Pensar
Capítulo 1: Aparência,Pensar 8-12,O pensamento especulativo cria significados que não podem ser confirmados pela ciência,"Arendt mostra que proposições como “o mundo é feito para nós” ou “o universo tem um propósito” não são verificáveis cientificamente, mas emergem da atividade própria da razão.",Atividade Mental e Condições Internas do Pensar
Capítulo 1: Aparência,Pensar 8-13,A distinção entre conhecer e pensar,Conhecer trata do dado sensível e do verificável. Pensar trata do que ultrapassa a experiência. Esse contraste é apresentado como essencial para compreender o papel da filosofia.,Atividade Mental e Condições Internas do Pensar
Capítulo 1: Aparência,Pensar 8-14,A crítica a Kant: razão e intelecto nunca permanecem totalmente separados,"Arendt observa que mesmo Kant, apesar da distinção rigorosa que formula, acaba por deixar que razão e intelecto se misturem, gerando equívocos persistentes na tradição filosófica.",Atividade Mental e Condições Internas do Pensar
Capítulo 1: Aparência,Pensar 8-15,A razão possui uma dimensão teleológica,"A razão opera por “propósitos internos”: seu interesse por liberdade, imortalidade e Deus não vem da experiência, mas da própria atividade de pensar.",Atividade Mental e Condições Internas do Pensar
Capítulo 1: Aparência,Pensar 8-16,"A razão é movida por necessidades próprias, não pelos dados do mundo","Ela tem sua própria dinâmica — busca, pergunta, exige. Não é guiada pelo mundo sensível, mas pela necessidade de ultrapassar o dado.",Atividade Mental e Condições Internas do Pensar
Capítulo 1: Aparência,Pensar 8-17,A última tese: a razão não tem outro “ofício” senão pensar a si mesma,"Arendt conclui com a formulação kantiana: a razão pura não tem outro fim além de si mesma; sua vocação é pensar, independentemente de produzir conhecimento científico.",Atividade Mental e Condições Internas do Pensar
Capítulo 2: As atividades espirituais em um mundo de aparências,Pensar 9-1,As três atividades mentais são autônomas,"Pensar, querer e julgar não derivam umas das outras, possuem leis próprias e operam segundo impulsos internos específicos.",Atividade Mental e Condições Internas do Pensar
Capítulo 2: As atividades espirituais em um mundo de aparências,Pensar 9-2,A razão tem um impulso próprio para especular,"A razão busca significado, não resultados práticos, e por isso tende naturalmente ao especulativo. Não move a vontade e não produz ação.",Atividade Mental e Condições Internas do Pensar
Capítulo 2: As atividades espirituais em um mundo de aparências,Pensar 9-3,Pensar exige retirada do mundo das aparências,"O pensamento acontece quando o indivíduo se afasta da presença sensível do mundo, criando um espaço de suspensão.",Atividade Mental e Condições Internas do Pensar
Capítulo 2: As atividades espirituais em um mundo de aparências,Pensar 9-4,A quietude das paixões é condição do pensar,"Para pensar, é necessário certo silêncio interior das emoções e impulsos, criando o estado de “desapaixonamento”.",Atividade Mental e Condições Internas do Pensar
Capítulo 2: As atividades espirituais em um mundo de aparências,Pensar 9-5,O pensamento torna presente o ausente,Pensar é re-apresentar aquilo que não está nos sentidos; essa operação é possível por meio da imaginação.,Atividade Mental e Condições Internas do Pensar
Capítulo 2: As atividades espirituais em um mundo de aparências,Pensar 9-6,A imaginação prepara objetos para o pensar,"A imaginação transforma dados sensoriais em imagens internas, permitindo que se tornem objetos aptos para reflexão.",Atividade Mental e Condições Internas do Pensar
Capítulo 2: As atividades espirituais em um mundo de aparências,Pensar 9-7,O pensamento é diálogo do “eu com eu mesmo”,"A duplicação interna (“eu” e “eu mesmo”) é a estrutura básica da vida mental, caracterizando a consciência.",Atividade Mental e Condições Internas do Pensar
Capítulo 2: As atividades espirituais em um mundo de aparências,Pensar 9-8,Essa dualidade não implica uma substância separada (alma),"Arendt rejeita explicações metafísicas tradicionais; a duplicidade do pensamento é experiência interna, não ontologia.",Atividade Mental e Condições Internas do Pensar
Capítulo 2: As atividades espirituais em um mundo de aparências,Pensar 9-9,A intensidade do pensar afasta o indivíduo do mundo,"Quanto mais intensa a vida mental, maior o afastamento da experiência sensível e da presença do mundo.",Atividade Mental e Condições Internas do Pensar
Capítulo 2: As atividades espirituais em um mundo de aparências,Pensar 9-10,As questões filosóficas surgem de experiências comuns transformadas pelo pensar,"Temas como ser, tempo, imortalidade e destino nascem da operação mental que transforma experiências ordinárias em objetos de reflexão.",Atividade Mental e Condições Internas do Pensar
Capítulo 2: As atividades espirituais em um mundo de aparências,Pensar 9-11,O excesso de pensamento pode paralisar a vida prática,Pensar intensivamente pode suspender o envolvimento corporal e interromper a participação no mundo comum.,Atividade Mental e Condições Internas do Pensar
Capítulo 2: As atividades espirituais em um mundo de aparências,Pensar 9-12,O pensamento gera um tipo próprio de experiência de si,"A consciência pensante pode parecer mais “real” que a experiência sensível, criando uma forma de autoexperiência que se torna autônoma.",Atividade Mental e Condições Internas do Pensar
Capítulo 2: As atividades espirituais em um mundo de aparências,Pensar 9-13,A filosofia interpretou essa retirada como libertação,"A tradição viu no afastamento do mundo uma forma de purificação, derivada de experiências reais do ato de pensar (ex.: Platão, místicos).",Atividade Mental e Condições Internas do Pensar
Capítulo 2: As atividades espirituais em um mundo de aparências,Pensar 9-14,O conflito estrutural entre pensamento e senso comum,Pensar se opõe ao senso comum: o pensar suspende o mundo; o senso comum exige presença e atenção ao mundo.,Atividade Mental e Condições Internas do Pensar
Capítulo 2: As atividades espirituais em um mundo de aparências,Pensar 9-15,A radicalidade do desaparecimento filosófico,"O trecho fecha preparando o argumento de que o pensamento pode ser a forma mais extrema de “desaparecer”, de retirar-se do mundo e até de si mesmo enquanto ser que aparece.  ",Atividade Mental e Condições Internas do Pensar
Capítulo 2: As atividades espirituais em um mundo de aparências,Pensar 10-1,A guerra interna entre pensamento e senso comum,"Arendt descreve um conflito estrutural: o pensamento exige retirada, suspensão e afastamento do mundo; o senso comum exige presença, continuidade e participação no mundo.",Atividade Mental e Condições Internas do Pensar
Capítulo 2: As atividades espirituais em um mundo de aparências,Pensar 10-2,A experiência filosófica de “desaparecimento”,A retirada do pensamento produz uma espécie de desaparecimento das aparências. Isso explica por que a tradição filosófica associou pensar a morrer para o mundo sensível.,Atividade Mental e Condições Internas do Pensar
Capítulo 2: As atividades espirituais em um mundo de aparências,Pensar 10-3,A hostilidade entre o filósofo e a multidão (“the many”),"Arendt mostra que, desde a Antiguidade, a figura do filósofo aparece como suspeita ou ridícula para a maioria, devido ao afastamento do mundo comum e da realidade prática.",Atividade Mental e Condições Internas do Pensar
Capítulo 2: As atividades espirituais em um mundo de aparências,Pensar 10-4,"A vida solitária do filósofo é uma escolha, não uma punição","Mesmo em Platão, o afastamento do mundo é apresentado como livre escolha: uma decisão de priorizar o pensar ao invés da ação.",Atividade Mental e Condições Internas do Pensar
Capítulo 2: As atividades espirituais em um mundo de aparências,Pensar 10-5,O filósofo como exilado do mundo e “estranho entre os homens”,A contemplação contínua cria uma ruptura entre o filósofo e o mundo comum. Isso é vivido como exílio e incompreensão mútua.,Atividade Mental e Condições Internas do Pensar
Capítulo 2: As atividades espirituais em um mundo de aparências,Pensar 10-6,A memória como base para o pensamento,"A memória é a faculdade que permite trazer de volta o que desapareceu dos sentidos e transformá-lo em objeto de pensamento. Sem memória, nada pode tornar-se pensável.",Atividade Mental e Condições Internas do Pensar
Capítulo 2: As atividades espirituais em um mundo de aparências,Pensar 10-7,A imaginação produz a “segunda vida” das coisas ausentes,"Arendt descreve como a imaginação reconfigura as percepções em imagens internas, tornando presente o que está ausente. Esse processo cria uma duplicação da experiência sensível.",Atividade Mental e Condições Internas do Pensar
Capítulo 2: As atividades espirituais em um mundo de aparências,Pensar 10-8,O ato mental suspende tempo e espaço sensíveis,"Na experiência do pensamento, tempo e espaço tal como percebidos sensorialmente deixam de operar. O pensamento se move em outra dimensão, não espacial e não temporal.",Atividade Mental e Condições Internas do Pensar
Capítulo 2: As atividades espirituais em um mundo de aparências,Pensar 10-9,O pensamento como “after-thought”,"Todo pensamento é um retorno reflexivo sobre algo já ocorrido. A mente revive a experiência e, ao repeti-la internamente, produz sentido e interpretação.",Atividade Mental e Condições Internas do Pensar
Capítulo 2: As atividades espirituais em um mundo de aparências,Pensar 10-10,A invisibilidade radical da vida mental,"Para o senso comum, o pensamento é invisível e aparece como ausência. Para a mente, porém, é um revelar-se próprio, um movimento de desvelamento de ser.",Atividade Mental e Condições Internas do Pensar
Capítulo 2: As atividades espirituais em um mundo de aparências,Pensar 10-11,O pensamento expõe o indivíduo ao invisível,O pensamento revela um “ser” que nunca aparece: aquilo que só se mostra à mente. Essa dimensão do invisível aproxima Arendt de Heidegger.,Atividade Mental e Condições Internas do Pensar
Capítulo 2: As atividades espirituais em um mundo de aparências,Pensar 10-12,O pensamento parece autodestrutivo quando julgado pelo senso comum,"Como o pensamento suspende o mundo sensível e não oferece garantias de verdade verificável, ele pode parecer falho ou inútil para quem opera apenas no senso comum.",Atividade Mental e Condições Internas do Pensar
Capítulo 2: As atividades espirituais em um mundo de aparências,Pensar 10-13,A incompreensão do público diante da atividade filosófica,"Pensadores frequentemente são vistos como improdutivos, inúteis ou hostis à vida prática — crítica que aparece desde Platão até Kant.",Atividade Mental e Condições Internas do Pensar
Capítulo 2: As atividades espirituais em um mundo de aparências,Pensar 10-14,A impossibilidade de conciliar completamente pensar e aparecer,"Arendt mostra que a retirada necessária ao pensamento impede uma plena participação no mundo comum, criando uma tensão estrutural e permanente.",Atividade Mental e Condições Internas do Pensar
Capítulo 2: As atividades espirituais em um mundo de aparências,Pensar 10-15,O pensamento precisa do mundo que ele suspende,"Apesar do afastamento, todo pensamento depende de experiências e fenômenos do mundo sensível para existir; ele sempre retorna ao mundo após sua suspensão.",Atividade Mental e Condições Internas do Pensar
Capítulo 2: As atividades espirituais em um mundo de aparências,Pensar 10-16,O pensar como atividade que busca superar a opinião da maioria,"Ao pensar, o indivíduo confronta crenças do senso comum e tenta encontrar o que não depende da opinião dos outros.",Atividade Mental e Condições Internas do Pensar
Capítulo 2: As atividades espirituais em um mundo de aparências,Pensar 10-17,Introdução ao próximo capítulo: o espectador,"O final prepara a transição para a seção seguinte, na qual Arendt examina o papel do espectador na articulação entre pensar e agir.   ",Atividade Mental e Condições Internas do Pensar
Capítulo 2: As atividades espirituais em um mundo de aparências,Pensar 11-1,Pensar e agir: distinção estrutural a partir do papel do espectador,"Arendt inicia a seção mostrando que pensar e agir não são opostos, mas pertencem a esferas distintas: o pensar se retira do mundo; agir se insere no mundo e transforma o mundo das aparências. O ponto central é a figura do espectador, que se distingue do agente porque não participa diretamente da ação.","Pensamento, Vontade e Juízo na Ação Humana"
Capítulo 2: As atividades espirituais em um mundo de aparências,Pensar 11-2,A inatividade deliberada como origem da função do espectador,"Arendt recupera a ideia clássica de scholé (ócio, retirada) como condição necessária para observar e compreender o mundo. O espectador: não age; recolhe-se; vê o todo;torna-se capaz de julgar a ação.","Pensamento, Vontade e Juízo na Ação Humana"
Capítulo 2: As atividades espirituais em um mundo de aparências,Pensar 11-3,A vida como espetáculo (metáfora grega do teatro e dos jogos),A compreensão do mundo depende de um ponto de vista externo à ação — como alguém que observa uma peça ou um jogo: o ator sabe apenas sua parte; o espectador vê o conjunto e julga o sentido do todo. Essa metáfora é fundamental para Arendt destacar a natureza reflexiva do julgamento.,"Pensamento, Vontade e Juízo na Ação Humana"
Capítulo 2: As atividades espirituais em um mundo de aparências,Pensar 11-4,O julgamento depende do distanciamento,"Para julgar, é necessário retirar-se da ação e observar sem estar consumido pelos seus objetivos e paixões. Essa operação mental exige um afastamento semelhante ao do pensar, embora voltado para o mundo das aparências.","Pensamento, Vontade e Juízo na Ação Humana"
Capítulo 2: As atividades espirituais em um mundo de aparências,Pensar 11-5,Kant como filósofo que aproximou o julgamento do político,Arendt mostra que Kant: concedeu ao julgamento um estatuto de faculdade autônoma; tratou o espectador como figura essencial para entender o sentido dos acontecimentos históricos; fundamentou o juízo com base na maneira como os espectadores avaliam o mundo.,"Pensamento, Vontade e Juízo na Ação Humana"
Capítulo 2: As atividades espirituais em um mundo de aparências,Pensar 11-6,O espectador como aquele que vê “o que realmente aconteceu”,"Para Kant, quem se afasta da ação pode formar um julgamento mais adequado e livre de ilusões motivadas. Esse distanciamento não é indiferença, mas uma posição que permite captar o sentido geral dos acontecimentos.","Pensamento, Vontade e Juízo na Ação Humana"
Capítulo 2: As atividades espirituais em um mundo de aparências,Pensar 11-7,A tensão entre motivação e julgamento,"O agente age movido por paixões, necessidades, metas; o espectador avalia a ação a partir de outro ângulo, não condicionado pelos motivos do agente. Isso cria uma diferença estrutural entre o sentido da ação para quem a realiza e para quem a observa.","Pensamento, Vontade e Juízo na Ação Humana"
Capítulo 2: As atividades espirituais em um mundo de aparências,Pensar 11-8,A crítica moderna: filósofos que se afastam demais do mundo humano,Arendt nota que o afastamento excessivo pode levar o filósofo a ignorar ou desprezar o mundo das ações humanas. Alguns filósofos modernos exageram a separação entre pensar e agir.,"Pensamento, Vontade e Juízo na Ação Humana"
Capítulo 2: As atividades espirituais em um mundo de aparências,Pensar 11-9,A importância política do espectador,O espectador não é mero observador: sua tarefa é compreender; avaliar a ação; formular juízos; fornecer o pano de fundo interpretativo pelo qual a ação ganha significado público.,"Pensamento, Vontade e Juízo na Ação Humana"
Capítulo 2: As atividades espirituais em um mundo de aparências,Pensar 11-10,A limitação estrutural: o espectador depende do mundo das aparências,"O julgamento só ocorre porque existe um mundo comum, público, compartilhado. Sem esse mundo, não há critério para julgar, nem realidade para ser vista.","Pensamento, Vontade e Juízo na Ação Humana"
Capítulo 2: As atividades espirituais em um mundo de aparências,Pensar 11-11,A transição para o próximo tema: linguagem e metáfora,"Ao final (página 98), Arendt introduz o capítulo seguinte: o pensamento, embora invisível, precisa manifestar-se em linguagem para aparecer no mundo; por isso a metáfora é condição essencial da comunicação do invisível. Essa transição conecta a figura do espectador à necessidade de dar forma linguística ao que é visto e pensado.    ","Pensamento, Vontade e Juízo na Ação Humana"
Capítulo 2: As atividades espirituais em um mundo de aparências,Pensar 12-1,"O pensamento, sendo invisível, só aparece por meio da linguagem","Arendt afirma que atividades mentais não podem aparecer diretamente; elas se tornam manifestas apenas por meio da fala. Assim, a linguagem funciona como a ponte entre o invisível do pensar e o mundo comum onde algo precisa aparecer.  ","Linguagem, Metáfora e Mediação entre Invisível e Aparência"
Capítulo 2: As atividades espirituais em um mundo de aparências,Pensar 12-2,Pensar implica um impulso para comunicar,"Mesmo retirando-se do mundo, o pensar carrega um desejo de se mostrar. Assim como seres vivos exibem-se pelas aparências, o pensar exibe-se pela linguagem.  ","Linguagem, Metáfora e Mediação entre Invisível e Aparência"
Capítulo 2: As atividades espirituais em um mundo de aparências,Pensar 12-3,"Logos: fala como síntese significativa, não necessariamente como busca da verdade",Arendt relembra Aristóteles: logos é fala significativa combinada em proposições; essa combinação não implica que a fala vise à verdade — o importante é que ela tem sentido.  ,"Linguagem, Metáfora e Mediação entre Invisível e Aparência"
Capítulo 2: As atividades espirituais em um mundo de aparências,Pensar 12-4,A nomeação como primeiro ato de “apropriação do mundo”,Dar nome às coisas é um ato originário que introduz ordem e significado num mundo estranho para o recém-chegado humano. Linguagem como forma de orientar-se no mundo.  ,"Linguagem, Metáfora e Mediação entre Invisível e Aparência"
Capítulo 2: As atividades espirituais em um mundo de aparências,Pensar 12-5,A mente lida com invisíveis mesmo na experiência sensível,"A identificação de uma coisa como “cachorro”, por exemplo, exige reconhecer sua “forma geral” — algo que nunca está totalmente presente aos sentidos. A faculdade de “intuir” o que não se vê plenamente está na base da linguagem e do pensamento.  ","Linguagem, Metáfora e Mediação entre Invisível e Aparência"
Capítulo 2: As atividades espirituais em um mundo de aparências,Pensar 12-6,Linguagem é o único meio de justificar o pensar,"Todo processo lógico — inferência, dedução, generalização — precisa da palavra. Não há pensamento justificável sem linguagem.  ","Linguagem, Metáfora e Mediação entre Invisível e Aparência"
Capítulo 2: As atividades espirituais em um mundo de aparências,Pensar 12-7,Toda linguagem filosófica é construída metaforicamente,Arendt mostra que: todo conceito filosófico nasce de uma metáfora; a metafísica inteira se desenvolve pela analogia; a metáfora dá “ponte” entre domínio sensível e invisível.  ,"Linguagem, Metáfora e Mediação entre Invisível e Aparência"
Capítulo 2: As atividades espirituais em um mundo de aparências,Pensar 12-8,A metáfora traduz relações invisíveis,"Para Aristóteles, a metáfora mostra “semelhança em coisas dissimilares”. Arendt amplia isso: metáforas revelam relações invisíveis entre domínios distintos; elas fazem aparecer aquilo que não poderia ser mostrado diretamente.  ","Linguagem, Metáfora e Mediação entre Invisível e Aparência"
Capítulo 2: As atividades espirituais em um mundo de aparências,Pensar 12-9,"Metáfora não é comparação entre objetos, mas entre relações","Arendt enfatiza que metáfora não liga dois objetos, mas duas relações. Ex.: “velhice é para a vida como o anoitecer é para o dia”. O importante é a estrutura de relação, não a semelhança física.  ","Linguagem, Metáfora e Mediação entre Invisível e Aparência"
Capítulo 2: As atividades espirituais em um mundo de aparências,Pensar 12-10,A linguagem humana nasce de metáforas derivadas da visão,"Palavras como “ideia”, “forma”, “essência”, “ver” pertencem originalmente ao vocabulário sensorial. A filosofia apropria-se dessas metáforas visuais para tratar do não-visível.  ","Linguagem, Metáfora e Mediação entre Invisível e Aparência"
Capítulo 2: As atividades espirituais em um mundo de aparências,Pensar 12-11,A história da filosofia dependeu da metáfora visual,"Antes de Platão, não se falava em “forma” ou “ideia” para tratar de realidade invisível. A partir dele, a filosofia inteira é estruturada por uma metáfora — a ideia como aquilo que pode ser visto pela mente.  ","Linguagem, Metáfora e Mediação entre Invisível e Aparência"
Capítulo 2: As atividades espirituais em um mundo de aparências,Pensar 12-12,A metáfora é mais antiga que o conceito filosófico,"Toda categoria filosófica (substância, acidente, forma, potência, ato, predicação) foi originalmente uma metáfora que depois se “congelou” em conceito.  ","Linguagem, Metáfora e Mediação entre Invisível e Aparência"
Capítulo 2: As atividades espirituais em um mundo de aparências,Pensar 12-13,A poesia preserva a vitalidade original da metáfora,"Enquanto a filosofia frequentemente cristaliza metáforas em conceitos, a poesia mantém vivo o processo metafórico — tornando visível o invisível por imagens expressivas.  ","Linguagem, Metáfora e Mediação entre Invisível e Aparência"
Capítulo 2: As atividades espirituais em um mundo de aparências,Pensar 12-14,A linguagem poética mostra melhor a função da metáfora,"Arendt observa que poetas como Homero fornecem imagens onde o sentido profundo surge pela metáfora: o derretimento da neve revelando o solo, por exemplo, expressa um pensamento sem dizer explicitamente “o que significa”.  ","Linguagem, Metáfora e Mediação entre Invisível e Aparência"
Capítulo 2: As atividades espirituais em um mundo de aparências,Pensar 12-15,Metáforas são indispensáveis para entender a alma e o mundo,Kurt Riesler é citado para mostrar que metáforas como “mundo” e “alma” só se tornam compreensíveis porque há uma relação metafórica que as aproxima.  ,"Linguagem, Metáfora e Mediação entre Invisível e Aparência"
Capítulo 2: As atividades espirituais em um mundo de aparências,Pensar 12-16,A metáfora é a ferramenta por excelência para tornar visível o invisível,Arendt conclui que metáforas funcionam como janelas para fenômenos que não aparecem — elas iluminam e transportam significados entre domínios distintos.  ,"Linguagem, Metáfora e Mediação entre Invisível e Aparência"
Capítulo 2: As atividades espirituais em um mundo de aparências,Pensar 12-17,"O pensamento, por natureza, usa a metáfora para aparecer no mundo",A linguagem metafórica é a manifestação exterior do pensar. Pensar → linguagem metafórica → aparecer no mundo.  ,"Linguagem, Metáfora e Mediação entre Invisível e Aparência"
Capítulo 2: As atividades espirituais em um mundo de aparências,Pensar 12-18,O pensamento está sempre em “estado de falta” no mundo das aparências,"Mesmo quando usa metáforas, o pensamento nunca se encaixa totalmente no mundo sensível: ele sempre vem de outra ordem.    ","Linguagem, Metáfora e Mediação entre Invisível e Aparência"
Capítulo 2: As atividades espirituais em um mundo de aparências,Pensar 13-1,O pensar sempre retorna ao mundo das aparências por meio da metáfora,"Arendt insiste que, se o pensamento usa linguagem e a linguagem é essencialmente metafórica, então o pensamento nunca escapa completamente ao mundo das aparências. A metáfora funciona como o “caminho de volta” do invisível para o visível.  ","Linguagem, Metáfora e Mediação entre Invisível e Aparência"
Capítulo 2: As atividades espirituais em um mundo de aparências,Pensar 13-2,O “duplo sentido” da metáfora: transporte e ilusão,"Metáforas transportam sentido entre domínios distintos, mas também podem criar ilusões se usadas como se fossem equivalências literais.  ","Linguagem, Metáfora e Mediação entre Invisível e Aparência"
Capítulo 2: As atividades espirituais em um mundo de aparências,Pensar 13-3,Por que a visão tornou-se metáfora-guia do pensamento?,Arendt analisa por que a tradição ocidental tomou o ver como modelo fundamental da atividade cognitiva: a visão oferece simultaneidade; permite distância; produz “objetividade”; mostra relações espaciais de forma clara. Essas características fazem da visão a metáfora privilegiada para “verdade”.  ,"Linguagem, Metáfora e Mediação entre Invisível e Aparência"
Capítulo 2: As atividades espirituais em um mundo de aparências,Pensar 13-4,"Outras metáforas sensoriais são possíveis, mas não prevaleceram","Arendt nota que o pensamento poderia ter adotado a audição como metáfora central — especialmente dada sua relevância para tradições como o judaísmo. No entanto, a filosofia grega deu primazia à visão como acesso ao verdadeiro.  ","Linguagem, Metáfora e Mediação entre Invisível e Aparência"
Capítulo 2: As atividades espirituais em um mundo de aparências,Pensar 13-5,A visão fornece o modelo da “objetividade”,"A visão permite distinguir entre: o que é visto tal como aparece para mim;o que é visto tal como é em si, por comparação entre perspectivas. Esse uso simultâneo de múltiplas aparências fundamenta o conceito de verdade teórica.  ","Linguagem, Metáfora e Mediação entre Invisível e Aparência"
Capítulo 2: As atividades espirituais em um mundo de aparências,Pensar 13-6,A limitação da metáfora visual: ela disfarça seu caráter metafórico,"Arendt observa que a metáfora da visão torna-se tão dominante que parece não ser metáfora, mas descrição literal. Isso gera confusões filosóficas sobre a natureza do pensar.  ","Linguagem, Metáfora e Mediação entre Invisível e Aparência"
Capítulo 2: As atividades espirituais em um mundo de aparências,Pensar 13-7,O uso de metáforas pela ciência moderna,"Arendt menciona Blumenberg e a “metáfora do iceberg”, a “metáfora do mar”, etc., mostrando que até as ciências mais empíricas dependem da força metafórica para estruturar hipóteses e modelos.  ","Linguagem, Metáfora e Mediação entre Invisível e Aparência"
Capítulo 2: As atividades espirituais em um mundo de aparências,Pensar 13-8,As metáforas também substituem a falta de evidência,"Arendt mostra casos (ex.: psicanálise) em que metáforas acabam substituindo dados empíricos, gerando modelos que parecem explicativos, mas carecem de demonstração.  ","Linguagem, Metáfora e Mediação entre Invisível e Aparência"
Capítulo 2: As atividades espirituais em um mundo de aparências,Pensar 13-9,A crítica aos filósofos que recusam transformar o pensamento em palavras,Ela cita Platão (Carta VII) e Nietzsche para mostrar que muitos filósofos alegam que o mais importante do pensamento não pode ser dito. A força dessa posição deriva da tensão entre o invisível do pensar e a necessidade de aparecer pela linguagem.  ,"Linguagem, Metáfora e Mediação entre Invisível e Aparência"
Capítulo 2: As atividades espirituais em um mundo de aparências,Pensar 13-10,A distinção entre conhecer e saber pensar,Arendt destaca que para Platão (e depois para Aristóteles e Heidegger): conhecimento teórico é transmissível; o pensamento verdadeiro (noûs) não é facilmente comunicável.  ,"Linguagem, Metáfora e Mediação entre Invisível e Aparência"
Capítulo 2: As atividades espirituais em um mundo de aparências,Pensar 13-11,"A metáfora é indispensável para a filosofia, mas também perigosa","Metáforas estruturam a linguagem filosófica, mas podem: congelar-se em conceitos fixos; ser tomadas como literalidade; gerar “falácias metafísicas” se usadas sem cautela.  ","Linguagem, Metáfora e Mediação entre Invisível e Aparência"
Capítulo 2: As atividades espirituais em um mundo de aparências,Pensar 13-12,O problema das “imagens internas” e da confiabilidade da linguagem,"A linguagem cria imagens internas que são cópias imperfeitas das percepções sensíveis. O descompasso entre palavra, imagem interna e objeto torna qualquer estabilidade do conhecimento problemática.  ","Linguagem, Metáfora e Mediação entre Invisível e Aparência"
Capítulo 2: As atividades espirituais em um mundo de aparências,Pensar 13-13,A metáfora românica da “faísca interior” (Platão e Aristóteles),"Arendt recupera metáforas clássicas: a luz que acende na alma; o pensamento como centelha autossustentada; a energia do pensar como movimento circular infinito. Essas metáforas representam o caráter ativo, incessante e nunca concluído do pensamento.  ","Linguagem, Metáfora e Mediação entre Invisível e Aparência"
Capítulo 2: As atividades espirituais em um mundo de aparências,Pensar 13-14,O pensamento como movimento circular,"Baseada em Aristóteles e na tradição neoplatônica, Arendt descreve o pensamento como movimento que nunca chega a um fim, um processo que se renova constantemente.  ","Linguagem, Metáfora e Mediação entre Invisível e Aparência"
Capítulo 2: As atividades espirituais em um mundo de aparências,Pensar 13-15,A metáfora não resolve o problema do inefável,"A reflexão culmina no reconhecimento de que: a metáfora aproxima, mas não converte pensamento em aparência plena; há sempre um excesso do pensamento que escapa à linguagem; esse “resto invisível” é o que Arendt chama aqui de inefável.  ","Linguagem, Metáfora e Mediação entre Invisível e Aparência"
Capítulo 2: As atividades espirituais em um mundo de aparências,Pensar 13-16,O inefável é estrutural ao pensar,"Arendt usa exemplos de Nietzsche, Platão, Aristóteles e Wittgenstein para mostrar: parte essencial do pensar é intraduzível; isso não significa obscurantismo, mas limite estrutural da linguagem.  ","Linguagem, Metáfora e Mediação entre Invisível e Aparência"
Capítulo 2: As atividades espirituais em um mundo de aparências,Pensar 13-17,"Conclusão: o pensamento excede toda linguagem, mas só aparece através dela","A tensão final do capítulo é: o pensamento só aparece por metáforas; metáforas nunca esgotam o pensamento; portanto, o pensamento é sempre parcialmente invisível, parcialmente visível.","Linguagem, Metáfora e Mediação entre Invisível e Aparência"
Capítulo 3: O que nos faz pensar?,Pensar 14-1,A necessidade de pensar não exige finalidade nem causa,"Arendt abre o capítulo afirmando que a pergunta “o que nos faz pensar?” parte da suposição de que pensamos porque somos seres energéticos, cuja atividade não tem um efeito externo obrigatório. O pensar é uma atividade sem produto e sem utilidade prática.  ","Tradições do Pensar: Grega, Romana e Moderna"
Capítulo 3: O que nos faz pensar?,Pensar 14-2,A cultura grega via o pensamento como atividade pertencente ao domínio do divino,"Antes da filosofia sistemática, os gregos entendiam a contemplação e o “ver” como atividades próprias dos deuses, e acessíveis aos homens apenas como privilégio raro.  ","Tradições do Pensar: Grega, Romana e Moderna"
Capítulo 3: O que nos faz pensar?,Pensar 14-3,A metáfora do espetáculo (theôrein) como origem do pensar,"Para os gregos arcaicos, pensar equivalia a “assistir”, “ver como espectador”: theôrein é contemplar; o filósofo é theoros, o espectador do mundo. A contemplação é uma posição fora das urgências da vida prática.  ","Tradições do Pensar: Grega, Romana e Moderna"
Capítulo 3: O que nos faz pensar?,Pensar 14-4,A supremacia do theôrein sobre o agir,"O pensamento surge associado a uma retirada ativa da vida prática. Aquele que se afasta da ação consegue “ver o todo”, tornando-se capaz de julgamento e contemplação.  ","Tradições do Pensar: Grega, Romana e Moderna"
Capítulo 3: O que nos faz pensar?,Pensar 14-5,A experiência do divino como horizonte da contemplação,"Arendt mostra, usando fontes como Píndaro, que o pensar grego nasce da experiência de um olhar dirigido ao eterno e ao não-humano. Contemplar significava entrar em contato com o imortal.  ","Tradições do Pensar: Grega, Romana e Moderna"
Capítulo 3: O que nos faz pensar?,Pensar 14-6,A figura do poeta-vidente e o nascimento do pensamento narrativo,"Os poetas (Homero, Hesíodo, os bardos) são os primeiros especialistas que transformam visão em fala. Eles revelam o acontecido, dando forma narrativa ao visível. O pensamento se apoia nessa capacidade de “dizer o que aparece”.  ","Tradições do Pensar: Grega, Romana e Moderna"
Capítulo 3: O que nos faz pensar?,Pensar 14-7,A diferença entre o participante e o espectador no mundo grego,"O participante está absorvido na ação e não vê o conjunto. O espectador, ao contrário, percebe o todo e pode julgar. Essa distinção é crucial para a futura noção filosófica de julgamento.  ","Tradições do Pensar: Grega, Romana e Moderna"
Capítulo 3: O que nos faz pensar?,Pensar 14-8,A contemplação como forma de imortalidade humana,"Para os gregos, a vida contemplativa permitia ao mortal participar, ainda que por pouco tempo, de algo eterno. A imortalidade humana é entendida como “ver o eterno”.  ","Tradições do Pensar: Grega, Romana e Moderna"
Capítulo 3: O que nos faz pensar?,Pensar 14-9,A transição decisiva: do mito da imortalidade à ideia de ser (to on),Arendt identifica uma mudança: da imortalidade mítica dos deuses → para o conceito filosófico de ser como aquilo que é permanente. Essa passagem prepara a ontologia grega posterior.  ,"Tradições do Pensar: Grega, Romana e Moderna"
Capítulo 3: O que nos faz pensar?,Pensar 14-10,A crítica à instabilidade dos deuses olímpicos,"A filosofia surge quando os gregos percebem que os deuses olímpicos são demasiadamente mutáveis e vulneráveis, exigindo um conceito mais estável: o Ser.  ","Tradições do Pensar: Grega, Romana e Moderna"
Capítulo 3: O que nos faz pensar?,Pensar 14-11,Heráclito e Parmênides como pontos decisivos dessa transição,Arendt mostra que: Heráclito: mobilidade absoluta; Parmênides: ser imóvel e eterno. Da tensão entre ambos nasce a ontologia clássica.  ,"Tradições do Pensar: Grega, Romana e Moderna"
Capítulo 3: O que nos faz pensar?,Pensar 14-12,A descoberta do noûs como faculdade do imortal,O noûs (intelecto) surge como a faculdade que permite ao humano acessar o ser eterno. A mente é o “lugar” onde o imortal toca o mortal.  ,"Tradições do Pensar: Grega, Romana e Moderna"
Capítulo 3: O que nos faz pensar?,Pensar 14-13,Filosofia como esforço de “ver o eterno”,Toda a filosofia grega assume essa definição implícita: conhecer é ver o que não muda. Essa premissa pré-filosófica condiciona a definição do objeto da filosofia: o ser permanente.  ,"Tradições do Pensar: Grega, Romana e Moderna"
Capítulo 3: O que nos faz pensar?,Pensar 14-14,A metáfora do “nascer no céu” (Einstein) e o maravilhamento filosófico,Arendt liga a estrutura do pensamento grego à experiência de maravilhamento (thaumazein) — base do filosofar. Esse maravilhamento é uma forma de distanciamento do mundo imediato.  ,"Tradições do Pensar: Grega, Romana e Moderna"
Capítulo 3: O que nos faz pensar?,Pensar 14-15,A verdade como “visão direta” para o pensamento grego,"O modelo grego de verdade é visual: ver sem mediação, ver sem discurso, ver diretamente. Essa formulação estrutura toda a metafísica ocidental posterior.  ","Tradições do Pensar: Grega, Romana e Moderna"
Capítulo 3: O que nos faz pensar?,Pensar 14-16,O desaparecimento do mundo sensível na busca do eterno,"A busca grega pelo eterno relega o mundo sensível ao estatuto de mero aparecer, prelúdio da distinção platônica entre ser e aparência.  ","Tradições do Pensar: Grega, Romana e Moderna"
Capítulo 3: O que nos faz pensar?,Pensar 14-17,A posição do espectador como modelo da atividade filosófica,"Ao final, Arendt conecta os pressupostos gregos ao tema anterior: a filosofia nasce do ponto de vista do espectador — alguém que contempla o mundo à distância.   ","Tradições do Pensar: Grega, Romana e Moderna"
Capítulo 3: O que nos faz pensar?,Pensar 15-1,O “assombro” (thaumazein) como início do filosofar,"Arendt destaca que, para Platão, a filosofia começa com o assombro — não como surpresa, mas como encontro com algo que é ao mesmo tempo familiar e invisível. Esse “espanto” é uma experiência passiva (pathos), que se impõe ao homem.  ","Tradições do Pensar: Grega, Romana e Moderna"
Capítulo 3: O que nos faz pensar?,Pensar 15-2,O assombro é o motor afetivo do pensamento,"Esse pathos não é uma emoção ordinária, mas um estado que força o indivíduo a interrogar “o que aparece” e buscar o fundamento invisível por trás das aparências.  ","Tradições do Pensar: Grega, Romana e Moderna"
Capítulo 3: O que nos faz pensar?,Pensar 15-3,A “visão do invisível” como origem do pensamento filosófico,Platão entende o assombro como a aparição de algo que: não pode ser visto com os olhos; só aparece para quem já pensa; é percebido como uma espécie de “mensagem” vinda do não-sensível.  ,"Tradições do Pensar: Grega, Romana e Moderna"
Capítulo 3: O que nos faz pensar?,Pensar 15-4,O contraste com a experiência homérica e pré-filosófica do assombro,"Na poesia arcaica, o assombro era causado pela aparição dos deuses; em Platão, o assombro é causado pelo que aparece apesar dos sentidos — um invisível que se manifesta.  ","Tradições do Pensar: Grega, Romana e Moderna"
Capítulo 3: O que nos faz pensar?,Pensar 15-5,O filósofo como aquele que responde ao invisível,Platão redesenha o filósofo como alguém capaz de receber o assombro como um sinal para pensar. Esse movimento estabelece a filosofia como forma de vida distinta da poesia e da política.  ,"Tradições do Pensar: Grega, Romana e Moderna"
Capítulo 3: O que nos faz pensar?,Pensar 15-6,Pensar é responder ao “quê é” das coisas,O assombro obriga o filósofo a perguntar pelo ser do que aparece. Daí nasce a distinção platônica entre mundo sensível e mundo inteligível.  ,"Tradições do Pensar: Grega, Romana e Moderna"
Capítulo 3: O que nos faz pensar?,Pensar 15-7,"A questão “por que há algo e não nada?” é moderna, mas ecoa Platão","Arendt observa que a formulação explícita dessa questão só surge tardiamente (Leibniz, Heidegger), mas já está implícita no assombro platônico diante do ser.  ","Tradições do Pensar: Grega, Romana e Moderna"
Capítulo 3: O que nos faz pensar?,Pensar 15-8,A importância da negação em Parmênides e no platonismo,A discussão mostra que Parmênides introduziu o problema do “não-ser” como impossibilidade; Platão tenta contornar essa impossibilidade para explicar mudança e falsidade.  ,"Tradições do Pensar: Grega, Romana e Moderna"
Capítulo 3: O que nos faz pensar?,Pensar 15-9,A tradição filosófica como série de respostas ao assombro original,Arendt sugere que a história da filosofia é uma sucessão de tentativas de responder à experiência inicial do assombro: Platão com as Formas; Aristóteles com o intelecto; escolásticos com teologia da criação; modernos com ontologia ou metafísica da subjetividade.  ,"Tradições do Pensar: Grega, Romana e Moderna"
Capítulo 3: O que nos faz pensar?,Pensar 15-10,A transformação moderna: do assombro ao problema do nada,"O espanto original diante do ser se converte, na modernidade, em espanto diante do nada. Heidegger retoma essa trajetória: o espanto filosófico é agora o espanto de que o ser “possa não ser”.  ","Tradições do Pensar: Grega, Romana e Moderna"
Capítulo 3: O que nos faz pensar?,Pensar 15-11,O limite estrutural: nenhuma resposta “resolve” o assombro,Arendt insiste: a filosofia não supera o espanto; ela se move dentro dele; o pensamento reaparece sempre que o mundo escapa à obviedade.  ,"Tradições do Pensar: Grega, Romana e Moderna"
Capítulo 3: O que nos faz pensar?,Pensar 15-12,A passagem para Roma: mudança de foco para ação e mundo,"O final do capítulo prepara o leitor para a seção seguinte: os romanos não partiram do assombro, mas da ação, da fundação e do mundo comum — o que produz outro tipo de filosofia.   ","Tradições do Pensar: Grega, Romana e Moderna"
Capítulo 3: O que nos faz pensar?,Pensar 16-1,A tradição romana desloca o foco do pensamento para o agir público,"Arendt abre o capítulo mostrando que os romanos não orientaram o pensamento para o ser (como os gregos), mas para o mundo político, a res publica. A filosofia, em Roma, só encontrou espaço quando o mundo público entrou em declínio.  ","Tradições do Pensar: Grega, Romana e Moderna"
Capítulo 3: O que nos faz pensar?,Pensar 16-2,O pensamento romano surge como resposta à perda da esfera pública,"Quando a res publica foi destruída, o pensamento aparece como forma de salvar o indivíduo diante do colapso do mundo comum. É um pensamento de “vida interior”, não de contemplação do eterno.  ","Tradições do Pensar: Grega, Romana e Moderna"
Capítulo 3: O que nos faz pensar?,Pensar 16-3,O pensamento romano é essencialmente prático,"Para autores como Cícero, Sêneca, Epicteto e Marco Aurélio, o pensamento é uma arte de: suportar a vida; lidar com o destino; controlar a si mesmo; transformar reações internas em juízos adequados.  ","Tradições do Pensar: Grega, Romana e Moderna"
Capítulo 3: O que nos faz pensar?,Pensar 16-4,Cícero cria a concepção romana de pensamento como cura animi,Cícero transforma a filosofia grega em algo genuinamente romano: uma disciplina prática para governar a vida interior. O pensar torna-se terapêutico.  ,"Tradições do Pensar: Grega, Romana e Moderna"
Capítulo 3: O que nos faz pensar?,Pensar 16-5,O pensamento romano visa “estabilidade da alma”,"O objetivo não é contemplar o eterno, mas proteger-se do acaso, da fortuna e da instabilidade da vida. Pense menos em verdade; pense mais em equilíbrio interno.  ","Tradições do Pensar: Grega, Romana e Moderna"
Capítulo 3: O que nos faz pensar?,Pensar 16-6,A técnica romana de pensamento: retirar-se do objeto externo e concentrar-se na impressão interna,Arendt analisa Epicteto: o objeto externo perde importância; o sujeito volta-se à sua própria percepção e julgamentos;o pensamento torna-se exercício de resistência psicológica.  ,"Tradições do Pensar: Grega, Romana e Moderna"
Capítulo 3: O que nos faz pensar?,Pensar 16-7,O pensamento como “ficar consigo mesmo”,O movimento romano converge para uma interioridade radical: o mundo é sentido como hostil ou indiferente; a mente isola-se como refúgio; a subjetividade torna-se o centro.  ,"Tradições do Pensar: Grega, Romana e Moderna"
Capítulo 3: O que nos faz pensar?,Pensar 16-8,Hegel retoma a resposta romana como modelo para sua filosofia do espírito,Arendt mostra como Hegel herda dos romanos a noção de: consciência que se retira do mundo; mundo como “alienação”; pensamento como reconciliação interior.  ,"Tradições do Pensar: Grega, Romana e Moderna"
Capítulo 3: O que nos faz pensar?,Pensar 16-9,A diferença decisiva entre pensamento grego e pensamento romano,O grego pensa para ver o eterno (theôrein). O romano pensa para suportar e julgar a vida (cura animi). Esse contraste estrutura grande parte da filosofia ocidental posterior.  ,"Tradições do Pensar: Grega, Romana e Moderna"
Capítulo 3: O que nos faz pensar?,Pensar 16-10,O pensamento romano centra-se no “eu”,"O centro do mundo romano é o self, que busca estabilidade e autonomia diante da precariedade da vida. Isso gera uma forma de interioridade muito diferente da grega.  ","Tradições do Pensar: Grega, Romana e Moderna"
Capítulo 3: O que nos faz pensar?,Pensar 16-11,"A interioridade romana produz um mundo mental “seguro”, mas separado da realidade",O recolhimento interior gera uma espécie de realidade paralela feita de impressões subjetivas. Arendt vê isso como uma forma de distanciamento extremo do mundo objetivo.  ,"Tradições do Pensar: Grega, Romana e Moderna"
Capítulo 3: O que nos faz pensar?,Pensar 16-12,"A tensão entre morte, finitude e pensamento","O pensamento romano surge sob a sombra constante da morte, do colapso político e da contingência. Isso produz a urgência de respostas práticas para sofrimento, medo e destino.  ","Tradições do Pensar: Grega, Romana e Moderna"
Capítulo 3: O que nos faz pensar?,Pensar 16-13,A consciência romana inaugura um tipo de ego centrado em si mesmo,Essa consciência é o embrião do “eu moderno”: voltado para dentro; autossuficiente; desconfiado do mundo; preocupado em manter-se firme em meio às tempestades da existência.  ,"Tradições do Pensar: Grega, Romana e Moderna"
Capítulo 3: O que nos faz pensar?,Pensar 16-14,A sabedoria romana nasce da necessidade de governar a si mesmo,"O julgamento moral — coragem, justiça, honra, generosidade — tem origem na prática interior de reflexão e autocontrole, não na contemplação do ser.  ","Tradições do Pensar: Grega, Romana e Moderna"
Capítulo 3: O que nos faz pensar?,Pensar 16-15,Solon como ponte entre a experiência política e a interioridade moral,"Arendt fecha o capítulo recuperando Solon, que: trouxe elementos de julgamento moral para dentro da vida; inaugurou uma reflexão prática sobre justiça, sabedoria e medida; preparou o terreno para Sócrates.  ","Tradições do Pensar: Grega, Romana e Moderna"
Capítulo 3: O que nos faz pensar?,Pensar 16-16,Transição: aparece Sócrates,"O capítulo termina abrindo caminho para o próximo tema: Sócrates, que unifica o pensamento grego e romano ao perguntar “o que nos faz pensar?” de maneira radical.   ","Tradições do Pensar: Grega, Romana e Moderna"
Capítulo 3: O que nos faz pensar?,Pensar 17-1,O pensamento tem afinidade estrutural com o desejável e o amável,"Arendt abre afirmando que o pensamento tende a se ocupar com o que é “amável”, “belo”, “justo”, “sábio”. Coisas más ou odiosas carecem de substância permanente e por isso não se fixam ao pensar.  ","Pensamento, Vontade e Juízo na Ação Humana"
Capítulo 3: O que nos faz pensar?,Pensar 17-2,Sócrates formulou duas proposições morais derivadas diretamente da experiência do pensar,"Arendt identifica as duas proposições socráticas “positivas”: 1.É pior cometer injustiça do que sofrê-la. 2.É melhor estar em desacordo com todos do que estar em desacordo consigo mesmo. Ambas derivam do que se torna visível no ato de pensar, não de regras morais externas.","Pensamento, Vontade e Juízo na Ação Humana"
Capítulo 3: O que nos faz pensar?,Pensar 17-3,A perspectiva do cidadão: não importa quem sofre; importa que a cidade foi ferida,"Arendt ressalta que, do ponto de vista do mundo comum, a distinção entre sofrer e cometer injustiça assume outro sentido: há um dano objetivo à cidade, independentemente de quem sofre.  ","Pensamento, Vontade e Juízo na Ação Humana"
Capítulo 3: O que nos faz pensar?,Pensar 17-4,A proposição socrática “não posso estar em desacordo comigo mesmo” é fundamento da moral,"Essa segunda proposição é a mais radical. Ela se baseia no fato de que o pensamento cria uma divisão interna, um “eu” que conversa com “eu mesmo”. Ser injusto implica entrar em desacordo com a própria companhia interior.  ","Pensamento, Vontade e Juízo na Ação Humana"
Capítulo 3: O que nos faz pensar?,Pensar 17-5,O “dois-em-um” é a estrutura essencial do pensar,Pensar = diálogo silencioso entre “eu” e “eu mesmo”. Essa duplicidade interna só é possível porque cada pessoa é um ser plural consigo mesma.  ,"Pensamento, Vontade e Juízo na Ação Humana"
Capítulo 3: O que nos faz pensar?,Pensar 17-6,A experiência socrática: falar consigo mesmo é condição da harmonia interna,"Sócrates considera impossível que um ser humano que pensa possa cometer injustiça deliberada, porque teria de viver em desarmonia consigo mesmo.  ","Pensamento, Vontade e Juízo na Ação Humana"
Capítulo 3: O que nos faz pensar?,Pensar 17-7,Pensar divide; agir reunifica,"O pensar cria dois em um; o agir exige unidade. Quando o mundo exige ação, o eu deve abandonar o diálogo interior e tornar-se “um”.  ","Pensamento, Vontade e Juízo na Ação Humana"
Capítulo 3: O que nos faz pensar?,Pensar 17-8,O “dois-em-um” é a base da identidade e da diferença,"Arendt observa, apoiando-se em Heidegger, que a identidade só existe porque há diferença interna. O diálogo interno dá forma à consciência e à identidade.  ","Pensamento, Vontade e Juízo na Ação Humana"
Capítulo 3: O que nos faz pensar?,Pensar 17-9,A consciência moral deriva do pensar,"Consciência = antecipação do diálogo que terei comigo mesmo após a ação. Por isso, consciência não é conhecimento, nem regra moral. É a voz da duplicidade interna.  ","Pensamento, Vontade e Juízo na Ação Humana"
Capítulo 3: O que nos faz pensar?,Pensar 17-10,Não pensar leva à ausência de consciência moral,Quem não pratica o diálogo interno perde o senso de contradição consigo mesmo. Isso explica figuras como Eichmann: ausência de pensamento → ausência de consciência moral.  ,"Pensamento, Vontade e Juízo na Ação Humana"
Capítulo 3: O que nos faz pensar?,Pensar 17-11,A distinção entre consciência e consciência moral,Arendt esclarece: consciência (awareness) não é consciência moral; consciência moral depende da experiência reflexiva do dois-em-um.  ,"Pensamento, Vontade e Juízo na Ação Humana"
Capítulo 3: O que nos faz pensar?,Pensar 17-12,A consciência moral não é social: não vem da cidade nem das leis,"Ela nasce da relação entre mim e eu mesmo. O critério não é harmonia com os outros, mas harmonia consigo próprio.  ","Pensamento, Vontade e Juízo na Ação Humana"
Capítulo 3: O que nos faz pensar?,Pensar 17-13,O critério socrático: “não querer ser inimigo de si mesmo”,Sócrates afirma que ninguém que pense pode querer ser seu próprio inimigo. Essa impossibilidade funda o princípio de não cometer injustiça.  ,"Pensamento, Vontade e Juízo na Ação Humana"
Capítulo 3: O que nos faz pensar?,Pensar 17-14,Sócrates descobre que podemos ter “intercurso” conosco mesmos,"Assim como temos relações com outros, temos relação conosco. Essa relação é inseparável: nunca podemos escapar de nós mesmos.  ","Pensamento, Vontade e Juízo na Ação Humana"
Capítulo 3: O que nos faz pensar?,Pensar 17-15,Aristóteles: o amigo é “um outro eu”,Arendt liga isso ao fato de que o parceiro do diálogo interior é um “outro eu” — o amigo mais próximo possível.  ,"Pensamento, Vontade e Juízo na Ação Humana"
Capítulo 3: O que nos faz pensar?,Pensar 17-16,Consciência como antecipação do retorno ao dois-em-um após a ação,"Ao agir, eu deixo temporariamente o diálogo interior para atuar no mundo. Ao voltar para casa, reencontro meu parceiro interior. Essa antecipação fundamenta a responsabilidade moral.  ","Pensamento, Vontade e Juízo na Ação Humana"
Capítulo 3: O que nos faz pensar?,Pensar 17-17,Pensar não produz normas e não garante bondade,"Arendt insiste: pensar não cria valores, não produz moralidade, não ensina a ser bom. O que ele produz é dissolução de hábitos e capacidade de distinguir o certo do errado quando confrontado com situações particulares.  ","Pensamento, Vontade e Juízo na Ação Humana"
Capítulo 3: O que nos faz pensar?,Pensar 17-18,"Pensamento e julgamento são distintos, mas interligados","Pensar trata do invisível; julgar trata de particulares que aparecem. Pensar prepara o terreno para julgar, mas não determina o julgamento.  ","Pensamento, Vontade e Juízo na Ação Humana"
Capítulo 3: O que nos faz pensar?,Pensar 17-19,A função do pensar é impedir catástrofes morais,"O pensar não produz certezas, mas evita o colapso moral: quem pensa não se torna cúmplice do mal, porque não suporta contradição consigo mesmo.  ","Pensamento, Vontade e Juízo na Ação Humana"
Capítulo 3: O que nos faz pensar?,Pensar 17-20,A atualidade de Sócrates: o pensar como resistência ao mal,"Para Arendt, a lição socrática é vital: pensar → impede a cumplicidade; não pensar → torna possível qualquer crime.","Pensamento, Vontade e Juízo na Ação Humana"
Capítulo 4: Onde estamos quando pensamos?,Pensar 18-1,Não é possível oferecer uma conclusão para o pensamento,Arendt abre o capítulo afirmando que qualquer tentativa de concluir o que foi dito seria contraditória: o pensamento é uma atividade sem fim e sem produto final.  ,Atividade Mental e Condições Internas do Pensar
Capítulo 4: Onde estamos quando pensamos?,Pensar 18-2,O pensamento está sempre interrompido — Sócrates como modelo,"Pensar é ser interrompido continuamente pela vida e, no entanto, tentar sempre retomar o fio. Sócrates é a figura que representa essa tensão: está sempre no início; nunca termina; pensa enquanto vive.  ",Atividade Mental e Condições Internas do Pensar
Capítulo 4: Onde estamos quando pensamos?,Pensar 18-3,O pensamento remove-se do presente e do próximo — trabalha com ausências,"Arendt afirma que toda atividade mental: lida com o ausente, não com o presente; afasta o pensador do aqui-e-agora; introduz desrealização do mundo imediato.  ",Atividade Mental e Condições Internas do Pensar
Capítulo 4: Onde estamos quando pensamos?,Pensar 18-4,O pensamento pode produzir a sensação de que o mundo se torna irreal,"Esse ponto é essencial: quando o ego pensante se retira, o mundo comum parece perder consistência. Ela cita Valéry: “Às vezes penso, às vezes sou.”  ",Atividade Mental e Condições Internas do Pensar
Capítulo 4: Onde estamos quando pensamos?,Pensar 18-5,A suspeita sobre a realidade do mundo é recorrente na filosofia,"Arendt recupera: o sonho de Chuang Tzu (será que sou homem sonhando ser borboleta, ou borboleta sonhando ser homem?); o bios theôrētikós de Aristóteles; a dúvida cartesiana. Todos expressam o mesmo fenômeno: a retirada do pensar modifica nossa relação com o real.  ",Atividade Mental e Condições Internas do Pensar
Capítulo 4: Onde estamos quando pensamos?,Pensar 18-6,O pensamento cria um “não-lugar” (nowhere),O filósofo vive em um espaço que não é o mundo comum. Arendt cita o texto aristotélico Protrepticus: o filósofo “não pertence a lugar algum”. Esse “não-lugar” é condição da atividade pensante.  ,Atividade Mental e Condições Internas do Pensar
Capítulo 4: Onde estamos quando pensamos?,Pensar 18-7,"Esse não-lugar não é espacial, mas existencial","Ele não significa desligamento total do mundo, mas uma forma de deslocamento que permite observar sem pertencer.  ",Atividade Mental e Condições Internas do Pensar
Capítulo 4: Onde estamos quando pensamos?,Pensar 18-8,O pensamento suspende tempo e espaço — e pode ser desconfortável,"Arendt observa que o filósofo “perde o mundo”, e isso gera tanto liberdade quanto risco: liberdade: pensar sem determinar-se pelo imediato; risco: desorientação, dúvida, sensação de irrealidade.  ",Atividade Mental e Condições Internas do Pensar
Capítulo 4: Onde estamos quando pensamos?,Pensar 18-9,O pensamento precisa retornar ao mundo sensível — o papel do senso comum,"O sensus communis é a força que reintroduz o pensador no mundo compartilhado. Sem ele, o pensamento permaneceria suspenso em um vazio.  ",Atividade Mental e Condições Internas do Pensar
Capítulo 4: Onde estamos quando pensamos?,Pensar 18-10,A finitude humana é a infraestrutura de todas as atividades mentais,"Arendt afirma: somos marcados por um “tempo estendido” entre passado e futuro, o que nos permite: lembrar; esperar; pensar no que não está presente. Essa finitude é a base do pensar.  ",Atividade Mental e Condições Internas do Pensar
Capítulo 4: Onde estamos quando pensamos?,Pensar 18-11,O pensamento opera na justaposição de ausências — não em sequências temporais,"Uma ideia crucial: o pensamento não segue o tempo linear, mas transforma experiências em uma sucessão de “palavras sem som”, organizadas internamente.  ",Atividade Mental e Condições Internas do Pensar
Capítulo 4: Onde estamos quando pensamos?,Pensar 18-12,A preparação para o próximo capítulo: onde está localizado o ego pensante no tempo?,"O capítulo termina com uma pergunta: em que tempo o ego pensante existe? Arendt abre assim o caminho para o tema do capítulo 20, “O intervalo entre passado e futuro”, introduzido na última página do trecho.   ",Atividade Mental e Condições Internas do Pensar
Capítulo 4: Onde estamos quando pensamos?,Pensar 19-1,A parábola de Kafka como chave para localizar o pensar no tempo,"Arendt utiliza a parábola de Kafka (p. 202) para descrever o ego pensante como alguém situado: entre o passado, que o empurra; e o futuro, que o bloqueia; num campo de forças que se chocam, criando um intervalo. Esse intervalo define a posição temporal do pensamento.  ",Atividade Mental e Condições Internas do Pensar
Capítulo 4: Onde estamos quando pensamos?,Pensar 19-2,"No pensar, passado e futuro estão igualmente ausentes — e por isso igualmente presentes","Arendt explica que o pensar opera somente com ausências: o passado já não está; o futuro ainda não está. Justamente por serem ausentes, ambos se tornam presentes para o ego pensante.  ",Atividade Mental e Condições Internas do Pensar
Capítulo 4: Onde estamos quando pensamos?,Pensar 19-3,O intervalo é um “presente estendido”,"Esse presente não é o “agora” sensível — que desaparece continuamente — mas o nunc stans (“instante imóvel”), conceito usado por Tomás de Aquino e retomado por tradições místicas.  ",Atividade Mental e Condições Internas do Pensar
Capítulo 4: Onde estamos quando pensamos?,Pensar 19-4,O pensamento vive em um “entre-dois” (in-between),A análise de Kafka permite visualizar: o passado e o futuro como forças antagônicas; o presente como ruptura; o pensar como habitar esse espaço de ruptura.  ,Atividade Mental e Condições Internas do Pensar
Capítulo 4: Onde estamos quando pensamos?,Pensar 19-5,Nietzsche: o portal (Augeblick) como figura do instante decisivo,"Arendt traz o episódio do portal de Zaratustra (p. 204): dois caminhos que divergem; dois “eternos”; o encontro no ponto do portal, que é o instante. Esse instante é idêntico ao intervalo kafkiano.  ",Atividade Mental e Condições Internas do Pensar
Capítulo 4: Onde estamos quando pensamos?,Pensar 19-6,Heidegger: o homem como “pastor do ser” situado no claro do tempo,"Heidegger interpreta Nietzsche como revelando que o homem habita o claro entre passado e futuro — mas Arendt mantém a análise dentro do domínio da experiência fenomenológica, não ontológica.  ",Atividade Mental e Condições Internas do Pensar
Capítulo 4: Onde estamos quando pensamos?,Pensar 19-7,A vida humana: habitar constantemente o choque entre o que foi e o que será,Arendt nota que cada instante envolve a colisão entre: o já vivido (memória); o ainda não acontecido (expectativa). Essa colisão torna o presente um campo instável.  ,Atividade Mental e Condições Internas do Pensar
Capítulo 4: Onde estamos quando pensamos?,Pensar 19-8,O pensamento tematiza o que já desapareceu ou o que ainda não apareceu,O “material” do pensamento nunca é o presente sensível: ele trata do que está fora do mundo imediato das aparências.  ,Atividade Mental e Condições Internas do Pensar
Capítulo 4: Onde estamos quando pensamos?,Pensar 19-9,O pensamento cria um tipo de tempo não cronológico,Arendt distingue: tempo cronológico (o tempo mundano); tempo do pensar (tempo não sequencial e não espacial). O pensamento cria uma espécie de “tempo sem tempo”.  ,Atividade Mental e Condições Internas do Pensar
Capítulo 4: Onde estamos quando pensamos?,Pensar 19-10,O diagrama do p. 208 mostra o “paralelogramo” de forças,"No gráfico desenhado por Arendt (p. 208), vemos: passado e futuro como linhas infinitas; o presente como ponto de interseção; o pensar como diagonal que nasce do choque dessas forças. Esse modelo visualiza como o pensamento não pertence ao tempo linear.  ",Atividade Mental e Condições Internas do Pensar
Capítulo 4: Onde estamos quando pensamos?,Pensar 19-11,"O “nunc stans” não é eternidade, mas suspensão da temporalidade",Arendt insiste: não é eternidade metafísica; é a suspensão fenomenológica da temporalidade enquanto pensamos.  ,Atividade Mental e Condições Internas do Pensar
Capítulo 4: Onde estamos quando pensamos?,Pensar 19-12,O pensamento é possível porque somos seres finitos,"A finitude humana — estar entre nascimento e morte — cria o próprio intervalo onde o pensamento se move. Sem finitude não haveria memória nem expectativa, e portanto não haveria pensar.  ",Atividade Mental e Condições Internas do Pensar
Capítulo 4: Onde estamos quando pensamos?,Pensar 19-13,O pensamento dissolve o fluxo contínuo do tempo,"Ao pensar, quebramos a sequência, isolamos partes, retiramos do fluxo. O resultado é um tempo “não narrativo”, composto de interrupções.  ",Atividade Mental e Condições Internas do Pensar
Capítulo 4: Onde estamos quando pensamos?,Pensar 19-14,O pensamento não é histórico — mas opera sobre o material histórico,"Arendt afirma: o pensar não se move no tempo histórico; mas trabalha com restos, fragmentos, memórias, textos do passado. Por isso, sua relação com a tradição é sempre fragmentária.  ",Atividade Mental e Condições Internas do Pensar
Capítulo 4: Onde estamos quando pensamos?,Pensar 19-15,A perda da tradição torna o pensar mais radical e sem garantias,"Com o colapso da tradição (p. 212), o pensamento moderno não pode recorrer a autoridades passadas. O pensar agora é tarefa solitária, sem pilares exteriores.  ",Atividade Mental e Condições Internas do Pensar
Capítulo 4: Onde estamos quando pensamos?,Pensar 19-16,A metáfora final: o poeta olhando para baixo da bacia,"Arendt cita Auden (p. 213): “Some books are undeservedly forgotten, none undeservedly remembered.” E depois um haicai sobre recuperar pérolas esquecidas — imagem da tarefa do pensamento diante dos fragmentos do passado.   ",Atividade Mental e Condições Internas do Pensar
Capítulo 4: Onde estamos quando pensamos?,Pensar 20-1,Pensar lida com invisíveis; querer e julgar lidam com ausências de outros tipos,"Arendt inicia o Postscriptum afirmando que, ao contrário do pensar (que trata do invisível), o querer e o julgar ocupam-se de conteúdos ausentes por outros motivos: ou porque ainda não aconteceram (futuro), ou porque já passaram (passado).  ","Pensamento, Vontade e Juízo na Ação Humana"
Capítulo 4: Onde estamos quando pensamos?,Pensar 20-2,A tentação de justificar o pensar como preparação para a ação é inadequada,"Arendt recusa a interpretação segundo a qual “pensar é útil porque prepara decisões”: para ela, o pensamento não serve à vontade. O querer não decorre do pensar.  ","Pensamento, Vontade e Juízo na Ação Humana"
Capítulo 4: Onde estamos quando pensamos?,Pensar 20-3,O querer (Will) não pode ser derivado da razão ou do desejo,"Arendt segue Bergson e afirma: o ato de querer é espontâneo; não é continuação do desejo; não é produto da deliberação racional. É um “órgão de liberdade” — ou é isso, ou é ilusão.  ","Pensamento, Vontade e Juízo na Ação Humana"
Capítulo 4: Onde estamos quando pensamos?,Pensar 20-4,A história do querer é marcada pela contradição interna da vontade,Arendt rastreia a experiência humana do querer desde: Paulo (“não faço o bem que quero…”) Agostinho (a luta interna entre querer e não querer) até a modernidade (Hegel e Nietzsche). A vontade vive em conflito consigo mesma.  ,"Pensamento, Vontade e Juízo na Ação Humana"
Capítulo 4: Onde estamos quando pensamos?,Pensar 20-5,A modernidade substituiu o pensar pela vontade como força central do self,"Com a ascensão da ideia de progresso, a vontade tornou-se dominante: vontade como força que molda o futuro; vontade como negação do presente (Hegel: “o Agora não pode resistir”). Isso desloca a centralidade do pensamento.  ","Pensamento, Vontade e Juízo na Ação Humana"
Capítulo 4: Onde estamos quando pensamos?,Pensar 20-6,Nietzsche culmina a tradição ao afirmar que o Ser é vontade,"Para Nietzsche, tudo é vontade; não há outro ser além da vontade. Arendt vê isso como o final autodestrutivo da metafísica da vontade.  ","Pensamento, Vontade e Juízo na Ação Humana"
Capítulo 4: Onde estamos quando pensamos?,Pensar 20-7,A vontade cria o “quem” — o self responsável por suas ações,"Arendt afirma que o querer produz a pessoa responsável, aquela que pode ser elogiada ou culpada. O foco moderno na vontade cria a ilusão de que “produzimos a nós mesmos”.  ","Pensamento, Vontade e Juízo na Ação Humana"
Capítulo 4: Onde estamos quando pensamos?,Pensar 20-8,Julgar é a capacidade de lidar com o passado,Julgar não se baseia em regras nem em dedução. É um talento que não pode ser ensinado. Kant é o primeiro filósofo a dar estatuto próprio ao juízo.  ,"Pensamento, Vontade e Juízo na Ação Humana"
Capítulo 4: Onde estamos quando pensamos?,Pensar 20-9,Julgar emerge quando o pensar retorna ao mundo das aparências,"O juízo trata de particulares. Quando o pensamento volta do seu retiro e reencontra o mundo sensível, ele precisa de uma nova faculdade para lidar com a singularidade. Esse é o juízo.  ","Pensamento, Vontade e Juízo na Ação Humana"
Capítulo 4: Onde estamos quando pensamos?,Pensar 20-10,Juízo moral é diferente de consciência,Arendt distingue: consciência = relação do eu consigo mesmo; julgamento = relação com o mundo e os outros.  ,"Pensamento, Vontade e Juízo na Ação Humana"
Capítulo 4: Onde estamos quando pensamos?,Pensar 20-11,"O juízo precisa da imaginação, não de regras","Kant chama o julgamento de “talento peculiar”, pois ele depende de imaginar-se na posição do espectador imparcial. Esse “senso comum ampliado” (erweiterte Denkungsart) é essencial.  ","Pensamento, Vontade e Juízo na Ação Humana"
Capítulo 4: Onde estamos quando pensamos?,Pensar 20-12,A crise do juízo na modernidade deriva da perda da tradição,"Arendt se associa às correntes que desmontam a metafísica tradicional. Com a ruptura da tradição, não há mais regras dadas de antemão para julgar. Mas isso não destrói o juízo — apenas o torna mais necessário.","Pensamento, Vontade e Juízo na Ação Humana"
